"","player_name","Pos","Age","Tm","G","GS","MP","FG","FGA","FG.","X3P","X3PA","X3P.","X2P","X2PA","X2P.","eFG.","FT","FTA","FT.","ORB","DRB","TRB","AST","STL","BLK","TOV","PF","PTS","play_eff","sal_mil"
"241","Zaza Pachulia","C",34,"DET",68,3,878,85,193,0.44,0,4,0,85,189,0.45,0.44,97,124,0.782,99,166,265,91,31,17,57,151,267,7.04,2.39
"184","Zach LaVine","SG",23,"CHI",63,62,2171,530,1135,0.467,120,321,0.374,410,814,0.504,0.52,312,375,0.832,40,254,294,283,60,26,215,140,1492,20.19,19.5
"62","Zach Collins","C",21,"POR",77,0,1356,189,400,0.473,40,121,0.331,149,279,0.534,0.523,94,126,0.746,109,215,324,71,25,66,77,174,512,8.81,3.63
"97","Yogi Ferrell","PG",25,"SAC",71,3,1067,153,352,0.435,54,149,0.362,99,203,0.488,0.511,60,67,0.896,13,96,109,137,36,4,40,64,420,6.48,3
"57","Wilson Chandler","PF-SF",31,"TOT",51,33,1177,114,273,0.418,59,158,0.373,55,115,0.478,0.526,18,25,0.72,48,167,215,82,25,21,46,123,305,8.55,12.8
"135","Willy Hernangomez","C",24,"CHO",58,3,812,153,295,0.519,15,39,0.385,138,256,0.539,0.544,100,144,0.694,117,194,311,60,16,20,58,98,421,10.07,1.5
"54","Willie Cauley-Stein","C",25,"SAC",81,81,2213,412,741,0.556,1,2,0.5,411,739,0.556,0.557,140,254,0.551,181,497,678,194,96,51,84,227,965,17.99,4.7
"204","Wesley Matthews","SF-SG",32,"TOT",69,68,2091,279,698,0.4,150,403,0.372,129,295,0.437,0.507,132,163,0.81,32,138,170,160,54,17,91,160,840,10.14,19.36
"153","Wesley Iwundu","SF",24,"ORL",68,13,1233,113,274,0.412,29,79,0.367,84,195,0.431,0.465,84,103,0.816,37,147,184,73,28,22,44,123,339,6.21,1.38
"270","Wayne Selden","SG",24,"TOT",75,13,1439,196,483,0.406,55,174,0.316,141,309,0.456,0.463,67,92,0.728,37,143,180,109,33,13,79,131,514,6.11,1.54
"90","Wayne Ellington","SG",31,"TOT",53,38,1297,184,457,0.403,138,372,0.371,46,85,0.541,0.554,39,49,0.796,14,93,107,72,54,6,40,92,545,8.7,8.65
"53","Vince Carter","PF",42,"ATL",76,9,1330,196,468,0.419,123,316,0.389,73,152,0.48,0.55,47,66,0.712,31,163,194,87,44,27,48,141,562,7.57,2.39
"170","Tyus Jones","PG",22,"MIN",68,23,1560,185,446,0.415,40,126,0.317,145,320,0.453,0.46,58,69,0.841,23,111,134,327,81,5,47,78,468,10.24,2.44
"56","Tyson Chandler","C",36,"TOT",55,6,875,61,99,0.616,0,1,0,61,98,0.622,0.616,51,87,0.586,92,215,307,37,21,23,42,110,173,8.09,13.59
"301","Tyrone Wallace","PG",24,"LAC",62,0,628,92,217,0.424,4,19,0.211,88,198,0.444,0.433,30,57,0.526,20,81,101,42,21,7,36,83,218,3.24,1.35
"93","Tyreke Evans","SG",29,"IND",69,18,1402,257,660,0.389,77,216,0.356,180,444,0.405,0.448,115,160,0.719,33,168,201,166,58,18,118,117,706,8.45,12.4
"167","Tyler Johnson","PG",26,"TOT",57,22,1529,217,526,0.413,90,260,0.346,127,266,0.477,0.498,95,127,0.748,34,139,173,166,54,27,77,97,619,10.89,19.25
"85","Tyler Dorsey","SG",22,"TOT",48,11,698,107,264,0.405,44,132,0.333,63,132,0.477,0.489,38,61,0.623,27,86,113,56,14,2,27,53,296,5.71,1.38
"73","Troy Daniels","SG",27,"PHO",51,1,760,113,275,0.411,74,194,0.381,39,81,0.481,0.545,18,23,0.783,13,60,73,26,26,5,27,79,318,4.98,3.26
"42","Troy Brown","SF",19,"WAS",52,10,730,97,234,0.415,22,69,0.319,75,165,0.455,0.462,32,47,0.681,35,110,145,80,21,5,30,56,248,6.1,2.75
"198","Trey Lyles","PF",23,"DEN",64,2,1120,207,495,0.418,51,200,0.255,156,295,0.529,0.47,81,116,0.698,44,202,246,87,30,23,68,93,546,8.45,3.36
"46","Trey Burke","PG",26,"TOT",58,8,1125,236,548,0.431,56,159,0.352,180,389,0.463,0.482,103,124,0.831,28,71,99,159,33,7,49,58,631,9.43,1.8
"10","Trevor Ariza","SF",33,"TOT",69,69,2349,294,736,0.399,145,434,0.334,149,302,0.493,0.498,130,164,0.793,50,321,371,252,91,21,106,130,863,14.72,15
"312","Trae Young","PG",20,"ATL",81,81,2503,525,1256,0.418,156,482,0.324,369,774,0.477,0.48,343,414,0.829,64,237,301,653,72,15,308,140,1549,18.27,5.36
"67","Torrey Craig","SF",28,"DEN",75,37,1503,160,362,0.442,61,188,0.324,99,174,0.569,0.526,49,70,0.7,89,174,263,72,37,46,44,175,430,7.75,2
"280","Tony Snell","SF",27,"MIL",74,12,1304,163,361,0.452,81,204,0.397,82,157,0.522,0.564,37,42,0.881,29,128,157,68,26,18,23,90,444,6.58,10.61
"243","Tony Parker","PG",36,"CHO",56,0,1003,213,463,0.46,13,51,0.255,200,412,0.485,0.474,91,124,0.734,14,69,83,207,21,7,75,53,530,8.75,5
"266","Tomas Satoransky","PG",27,"WAS",80,54,2164,257,530,0.485,64,162,0.395,193,368,0.524,0.545,131,160,0.819,82,197,279,399,82,13,120,172,709,13.25,3.13
"130","Tobias Harris","PF",26,"TOT",82,82,2847,611,1254,0.487,156,393,0.397,455,861,0.528,0.549,266,307,0.866,69,576,645,229,51,37,151,184,1644,21.6,14.8
"206","TJ McConnell","PG",26,"PHI",76,3,1470,220,419,0.525,14,42,0.333,206,377,0.546,0.542,29,37,0.784,28,146,174,258,79,17,91,105,483,9.38,1.6
"186","TJ Leaf","PF",21,"IND",58,1,522,99,183,0.541,8,31,0.258,91,152,0.599,0.563,19,31,0.613,43,82,125,24,9,19,12,35,225,5.07,2.41
"123","Tim Hardaway","SG",26,"TOT",65,63,2057,390,993,0.393,162,477,0.34,228,516,0.442,0.474,232,276,0.841,33,189,222,159,54,8,105,141,1174,13.31,17.32
"103","Tim Frazier","PG",28,"TOT",59,19,1120,116,261,0.444,37,101,0.366,79,160,0.494,0.515,41,54,0.759,41,127,168,248,30,5,76,112,310,8.93,1.83
"201","Thon Maker","C-PF",21,"TOT",64,5,972,109,268,0.407,49,153,0.32,60,115,0.522,0.498,56,84,0.667,41,161,202,45,21,51,33,105,323,6.59,2.8
"44","Thomas Bryant","C",21,"WAS",72,53,1496,309,502,0.616,33,99,0.333,276,403,0.685,0.648,107,137,0.781,113,341,454,92,25,67,60,126,758,15.46,1.38
"311","Thaddeus Young","PF",30,"IND",81,81,2489,443,841,0.527,51,146,0.349,392,695,0.564,0.557,87,135,0.644,192,331,523,204,123,36,123,194,1024,16.56,13.76
"269","Thabo Sefolosha","SF",34,"UTA",50,2,609,71,149,0.477,34,78,0.436,37,71,0.521,0.591,14,22,0.636,8,115,123,27,43,5,25,41,190,5.54,5.25
"262","Terry Rozier","PG",24,"BOS",79,14,1791,258,666,0.387,119,337,0.353,139,329,0.422,0.477,73,93,0.785,32,275,307,231,68,21,68,101,708,10.62,3.05
"261","Terrence Ross","SG",27,"ORL",81,0,2150,440,1027,0.428,217,566,0.383,223,461,0.484,0.534,126,144,0.875,27,253,280,135,72,29,90,119,1223,12.89,10.5
"96","Terrance Ferguson","SG",20,"OKC",74,74,1931,185,431,0.429,106,290,0.366,79,141,0.56,0.552,37,51,0.725,33,108,141,72,40,16,47,231,513,6.42,2.12
"110","Taj Gibson","PF",33,"MIN",70,57,1686,304,537,0.566,11,34,0.324,293,503,0.583,0.576,134,177,0.757,172,286,458,84,53,39,73,186,753,14.83,14
"1","Steven Adams","C",25,"OKC",80,80,2669,481,809,0.595,0,2,0,481,807,0.596,0.595,146,292,0.5,391,369,760,124,117,76,135,204,1108,19.7,24.16
"41","Sterling Brown","SG",23,"MIL",58,7,1034,145,312,0.465,53,147,0.361,92,165,0.558,0.55,29,42,0.69,29,155,184,84,25,8,46,88,372,7.71,1.38
"72","Stephen Curry","PG",30,"GSW",69,69,2331,632,1340,0.472,354,810,0.437,278,530,0.525,0.604,263,287,0.916,45,324,369,361,92,25,192,166,1881,26.14,37.46
"166","Stanley Johnson","SF",22,"TOT",66,7,1208,171,440,0.389,62,215,0.288,109,225,0.484,0.459,50,64,0.781,34,183,217,88,60,14,81,114,454,7.11,3.94
"83","Spencer Dinwiddie","PG",25,"BRK",68,4,1914,366,828,0.442,124,370,0.335,242,458,0.528,0.517,287,356,0.806,26,140,166,311,40,17,152,187,1143,14.62,1.66
"288","Sindarius Thornwell","SG",24,"LAC",64,1,313,17,49,0.347,3,15,0.2,14,34,0.412,0.378,25,34,0.735,5,39,44,18,14,7,20,41,62,1.31,1.38
"200","Shelvin Mack","PG",28,"TOT",57,3,1246,163,403,0.404,46,130,0.354,117,273,0.429,0.462,58,84,0.69,18,86,104,183,47,4,66,84,430,7.65,2.51
"193","Shaun Livingston","PG",33,"GSW",64,0,967,109,210,0.519,0,2,0,109,208,0.524,0.519,40,51,0.784,42,75,117,114,31,27,38,74,258,6.2,8.31
"131","Shaquille Harrison","PG",25,"CHI",73,11,1430,184,426,0.432,24,89,0.27,160,337,0.475,0.46,82,123,0.667,33,189,222,139,89,30,60,124,474,8.37,1.33
"112","Shai Gilgeous-Alexander","PG",20,"LAC",82,73,2174,341,716,0.476,51,139,0.367,290,577,0.503,0.512,156,195,0.8,57,175,232,270,96,45,141,175,889,11.91,3.38
"228","Shabazz Napier","PG",27,"BRK",56,2,983,169,435,0.389,76,228,0.333,93,207,0.449,0.476,115,138,0.833,18,82,100,143,41,16,66,67,529,8.46,1.94
"71","Seth Curry","SG",28,"POR",74,2,1399,212,465,0.456,113,251,0.45,99,214,0.463,0.577,44,52,0.846,27,93,120,66,36,12,61,97,581,6.66,2.8
"147","Serge Ibaka","C",29,"TOR",74,51,2010,464,877,0.529,49,169,0.29,415,708,0.586,0.557,135,177,0.763,156,445,601,99,29,103,114,211,1112,18.58,21.67
"234","Semi Ojeleye","PF",24,"BOS",56,3,594,67,158,0.424,28,89,0.315,39,69,0.565,0.513,24,39,0.615,24,62,86,23,10,4,19,43,186,3.29,1.38
"77","Sam Dekker","PF",24,"TOT",47,5,788,120,256,0.469,19,62,0.306,101,194,0.521,0.506,28,46,0.609,53,95,148,46,38,7,24,47,287,7.4,2.76
"9","Ryan Arcidiacono","PG",24,"CHI",81,32,1961,187,418,0.447,81,217,0.373,106,201,0.527,0.544,89,102,0.873,27,192,219,269,65,4,63,171,544,9.8,1.35
"302","Russell Westbrook","PG",30,"OKC",73,73,2630,630,1473,0.428,119,411,0.29,511,1062,0.481,0.468,296,451,0.656,109,698,807,784,142,33,325,245,1675,29.01,35.66
"108","Rudy Gay","PF",32,"SAS",69,51,1842,376,746,0.504,74,184,0.402,302,562,0.537,0.554,120,147,0.816,63,407,470,182,54,34,114,159,946,17.03,10.09
"233","Royce O'Neale","SF",25,"UTA",82,16,1671,163,343,0.475,68,176,0.386,95,167,0.569,0.574,32,42,0.762,22,263,285,124,54,24,70,172,426,7.96,1.38
"143","Rondae Hollis-Jefferson","SF",24,"BRK",59,21,1234,200,487,0.411,9,49,0.184,191,438,0.436,0.42,118,183,0.645,83,227,310,96,44,27,68,107,527,9.9,2.47
"209","Rodney McGruder","SG",27,"MIA",66,45,1550,186,461,0.403,79,225,0.351,107,236,0.453,0.489,52,72,0.722,60,178,238,112,36,12,64,115,503,8.21,1.54
"144","Rodney Hood","SG",26,"TOT",72,49,1893,292,671,0.435,84,236,0.356,208,435,0.478,0.498,137,155,0.884,25,132,157,126,59,12,55,146,805,9.82,3.47
"181","Rodions Kurucs","SF",20,"BRK",63,46,1294,202,449,0.45,58,184,0.315,144,265,0.543,0.514,72,92,0.783,56,190,246,52,41,25,77,146,534,8.79,1.69
"196","Robin Lopez","C",30,"CHI",74,36,1606,304,535,0.568,7,31,0.226,297,504,0.589,0.575,89,123,0.724,140,146,286,89,11,78,96,124,704,10.91,14.36
"263","Ricky Rubio","PG",28,"UTA",68,67,1899,295,730,0.404,79,254,0.311,216,476,0.454,0.458,195,228,0.855,33,210,243,416,91,10,180,180,864,14.35,14.8
"160","Reggie Jackson","PG",28,"DET",82,82,2289,441,1047,0.421,174,471,0.369,267,576,0.464,0.504,204,236,0.864,45,171,216,344,55,9,148,208,1260,13.39,17.04
"45","Reggie Bullock","SG",27,"TOT",63,60,1879,245,594,0.412,148,393,0.377,97,201,0.483,0.537,73,85,0.859,22,151,173,129,40,12,65,109,711,10.14,2.5
"66","Quinn Cook","PG",25,"GSW",74,10,1059,204,439,0.465,81,200,0.405,123,239,0.515,0.557,20,26,0.769,22,135,157,116,20,3,50,92,509,6.95,1.54
"247","Quincy Pondexter","SF",30,"SAS",53,0,292,29,58,0.5,6,18,0.333,23,40,0.575,0.552,34,42,0.81,8,38,46,24,11,1,13,24,98,2.45,2.17
"292","PJ Tucker","PF",33,"HOU",82,82,2802,207,523,0.396,146,387,0.377,61,136,0.449,0.535,41,59,0.695,121,358,479,96,132,39,63,252,601,11.59,7.96
"215","Paul Millsap","PF",33,"DEN",70,65,1895,322,665,0.484,58,159,0.365,264,506,0.522,0.528,181,249,0.727,153,352,505,141,83,54,95,183,883,16.57,29.23
"109","Paul George","SF",28,"OKC",77,77,2841,707,1614,0.438,292,757,0.386,415,857,0.484,0.529,453,540,0.839,105,523,628,318,170,34,205,214,2159,27.4,30.56
"244","Patrick Patterson","PF",29,"OKC",63,5,861,82,219,0.374,46,137,0.336,36,82,0.439,0.479,19,30,0.633,42,105,147,31,16,13,22,46,229,4.22,5.45
"26","Patrick Beverley","PG",30,"LAC",78,49,2137,194,477,0.407,112,282,0.397,82,195,0.421,0.524,96,123,0.78,76,312,388,300,67,43,85,265,596,12.81,5.03
"65","Pat Connaughton","SG",26,"MIL",61,2,1261,163,350,0.466,66,200,0.33,97,150,0.647,0.56,29,40,0.725,61,197,258,122,33,25,33,81,421,10.3,1.64
"275","Pascal Siakam","PF",24,"TOR",80,79,2548,519,945,0.549,79,214,0.369,440,731,0.602,0.591,237,302,0.785,124,425,549,248,73,52,154,241,1354,20.39,1.54
"248","Otto Porter","SF",25,"TOT",56,43,1683,299,643,0.465,104,256,0.406,195,387,0.504,0.546,78,96,0.813,54,260,314,120,82,31,65,108,780,16.07,26.01
"8","OG Anunoby","SF",21,"TOR",67,6,1352,183,404,0.453,67,202,0.332,116,202,0.574,0.536,36,62,0.581,58,139,197,47,46,22,55,140,469,7.15,1.95
"251","Norman Powell","SG",25,"TOR",60,3,1126,193,400,0.483,68,170,0.4,125,230,0.543,0.568,62,75,0.827,16,123,139,91,39,13,65,96,516,8.55,9.37
"297","Noah Vonleh","PF",23,"NYK",68,57,1722,207,440,0.47,46,137,0.336,161,303,0.531,0.523,111,156,0.712,113,415,528,129,46,51,88,174,571,14.1,1.62
"298","Nikola Vucevic","C",28,"ORL",80,80,2510,701,1354,0.518,84,231,0.364,617,1123,0.549,0.549,179,227,0.789,224,736,960,307,81,89,159,157,1665,28.02,12.75
"168","Nikola Jokic","C",23,"DEN",80,80,2504,616,1206,0.511,83,270,0.307,533,936,0.569,0.545,289,352,0.821,228,637,865,580,108,55,248,228,1604,28.89,25.47
"281","Nik Stauskas","SG",25,"TOT",68,0,1015,136,338,0.402,70,188,0.372,66,150,0.44,0.506,57,64,0.891,18,109,127,81,21,7,51,50,399,5.51,2.16
"18","Nicolas Batum","SF",30,"CHO",75,72,2354,253,562,0.45,116,298,0.389,137,264,0.519,0.553,77,89,0.865,71,319,390,247,71,43,117,140,699,13.49,24
"28","Nemanja Bjelica","PF",30,"SAC",77,70,1788,284,593,0.479,103,257,0.401,181,336,0.539,0.566,70,92,0.761,125,319,444,147,54,56,82,197,741,13.36,6.5
"294","Myles Turner","C",22,"IND",74,74,2119,380,780,0.487,76,196,0.388,304,584,0.521,0.536,148,201,0.736,101,430,531,115,60,199,100,195,984,18.05,3.29
"125","Montrezl Harrell","C",25,"LAC",82,5,2158,546,888,0.615,3,17,0.176,543,871,0.623,0.617,266,414,0.643,184,351,535,162,71,110,132,255,1361,19.72,6
"221","Monte Morris","PG",23,"DEN",82,6,1970,346,702,0.493,94,227,0.414,252,475,0.531,0.56,65,81,0.802,35,159,194,297,73,4,52,102,851,12.13,1.35
"15","Mo Bamba","C",20,"ORL",47,1,766,117,243,0.481,21,70,0.3,96,173,0.555,0.525,37,63,0.587,64,169,233,39,13,64,43,102,292,9.49,4.87
"37","Miles Bridges","SF",20,"CHO",80,25,1696,237,511,0.464,65,200,0.325,172,311,0.553,0.527,58,77,0.753,67,256,323,95,55,49,50,111,597,9.7,3.21
"268","Mike Scott","PF",30,"TOT",79,3,1395,168,420,0.4,101,252,0.401,67,168,0.399,0.52,22,33,0.667,43,233,276,66,26,13,44,156,459,6.75,4.32
"225","Mike Muscala","PF",27,"TOT",64,10,1306,145,361,0.402,89,256,0.348,56,105,0.533,0.525,70,85,0.824,57,187,244,76,22,38,48,130,449,8.59,5
"64","Mike Conley","PG",31,"MEM",70,70,2342,490,1120,0.438,155,426,0.364,335,694,0.483,0.507,343,406,0.845,40,199,239,449,94,22,130,123,1478,20.84,30.52
"36","Mikal Bridges","SF",22,"PHO",82,56,2417,242,563,0.43,105,313,0.335,137,250,0.548,0.523,95,118,0.805,56,208,264,173,129,38,70,201,684,10.66,3.56
"175","Michael Kidd-Gilchrist","PF",25,"CHO",64,3,1179,158,332,0.476,16,47,0.34,142,285,0.498,0.5,95,123,0.772,88,158,246,61,32,39,43,156,427,8.75,13
"189","Meyers Leonard","C",26,"POR",61,2,878,132,242,0.545,50,111,0.45,82,131,0.626,0.649,43,51,0.843,49,184,233,75,13,9,43,105,357,8.62,10.6
"176","Maxi Kleber","PF",27,"DAL",71,18,1502,175,386,0.453,77,218,0.353,98,168,0.583,0.553,58,74,0.784,90,239,329,70,36,78,54,143,485,10.1,1.38
"78","Matthew Dellavedova","PG",28,"TOT",48,0,812,98,242,0.405,44,130,0.338,54,112,0.482,0.496,42,52,0.808,6,71,77,181,14,2,68,75,282,6.96,9.61
"246","Mason Plumlee","C",28,"DEN",82,17,1731,262,442,0.593,2,10,0.2,260,432,0.602,0.595,111,198,0.561,165,359,524,243,66,76,126,252,637,14.06,12.92
"306","Marvin Williams","PF",32,"CHO",75,75,2133,275,652,0.422,140,382,0.366,135,270,0.5,0.529,66,86,0.767,76,331,407,92,71,61,47,156,756,12.57,14.09
"13","Marvin Bagley","PF",19,"SAC",62,4,1567,356,706,0.504,30,96,0.313,326,610,0.534,0.525,181,262,0.691,162,309,471,62,33,59,98,120,923,16.44,7.31
"220","Markieff Morris","PF",29,"TOT",58,16,1270,204,484,0.421,68,203,0.335,136,281,0.484,0.492,71,92,0.772,61,204,265,79,36,22,54,175,547,10.24,9.17
"136","Mario Hezonja","SF",23,"NYK",58,24,1206,191,464,0.412,42,152,0.276,149,312,0.478,0.457,87,114,0.763,28,211,239,88,57,8,88,110,511,8.88,6.5
"278","Marcus Smart","SG",24,"BOS",80,60,2200,239,567,0.422,126,346,0.364,113,221,0.511,0.533,104,129,0.806,57,177,234,321,143,28,123,201,708,11.97,11.16
"219","Marcus Morris","PF",29,"BOS",75,53,2091,377,844,0.447,146,389,0.375,231,455,0.508,0.533,146,173,0.844,76,382,458,109,43,25,92,181,1046,14.6,5.38
"23","Marco Belinelli","SG",32,"SAS",79,1,1815,285,690,0.413,147,395,0.372,138,295,0.468,0.52,112,124,0.903,16,182,198,132,35,8,72,121,829,9.03,6.15
"107","Marc Gasol","C",34,"TOT",79,72,2436,390,870,0.448,99,273,0.363,291,597,0.487,0.505,192,253,0.759,80,547,627,349,84,86,155,217,1071,19.25,24.12
"217","Malik Monk","SG",20,"CHO",73,0,1258,227,586,0.387,109,330,0.33,118,256,0.461,0.48,90,102,0.882,16,121,137,117,37,19,86,106,653,6.93,3.45
"22","Malik Beasley","SG",22,"DEN",81,18,1879,349,737,0.474,163,405,0.402,186,332,0.56,0.584,56,66,0.848,35,165,200,97,55,10,55,116,917,10.2,1.77
"38","Malcolm Brogdon","SG",26,"MIL",64,64,1832,378,748,0.505,104,244,0.426,274,504,0.544,0.575,141,152,0.928,65,223,288,205,46,13,91,102,1001,16.89,1.54
"174","Luke Kennard","SG",22,"DET",63,10,1437,228,520,0.438,106,269,0.394,122,251,0.486,0.54,51,61,0.836,12,171,183,114,26,10,57,92,613,9.32,3.28
"84","Luka Doncic","SG",19,"DAL",72,72,2318,506,1186,0.427,168,514,0.327,338,672,0.503,0.497,346,485,0.713,86,477,563,429,77,25,247,137,1526,21.58,6.57
"14","Lonzo Ball","PG",21,"LAL",47,45,1423,185,456,0.406,75,228,0.329,110,228,0.482,0.488,20,48,0.417,54,197,251,255,69,19,103,114,465,13.98,7.46
"161","LeBron James","SF",34,"LAL",55,55,1937,558,1095,0.51,111,327,0.339,447,768,0.582,0.56,278,418,0.665,57,408,465,454,72,33,197,94,1505,30.09,35.65
"203","Lauri Markkanen","PF",21,"CHI",52,51,1682,342,795,0.43,120,332,0.361,222,463,0.479,0.506,170,195,0.872,74,396,470,75,37,33,85,122,974,19.73,4.54
"227","Larry Nance","C",26,"CLE",67,30,1795,249,479,0.52,33,98,0.337,216,381,0.567,0.554,96,134,0.716,168,384,552,214,100,40,97,192,627,17.43,2.27
"105","Langston Galloway","SG",27,"DET",80,4,1745,228,587,0.388,135,380,0.355,93,207,0.449,0.503,81,96,0.844,49,122,171,85,37,8,24,135,672,7.19,7
"273","Landry Shamet","SG",21,"TOT",79,27,1802,240,557,0.431,167,396,0.422,73,161,0.453,0.581,75,93,0.806,21,113,134,117,37,10,45,155,722,8.1,1.71
"282","Lance Stephenson","SG",28,"LAL",68,3,1123,184,432,0.426,73,197,0.371,111,235,0.472,0.51,50,73,0.685,32,183,215,140,41,7,86,111,491,7.9,4.45
"3","LaMarcus Aldridge","C",33,"SAS",81,81,2687,684,1319,0.519,10,42,0.238,674,1277,0.528,0.522,349,412,0.847,251,493,744,194,43,107,144,179,1727,24.36,22.35
"151","Kyrie Irving","PG",26,"BOS",67,67,2214,604,1241,0.487,174,434,0.401,430,807,0.533,0.557,214,245,0.873,71,264,335,464,103,34,172,167,1596,25.25,20.1
"197","Kyle Lowry","PG",32,"TOR",65,65,2213,304,739,0.411,157,453,0.347,147,286,0.514,0.518,161,194,0.83,41,271,312,564,91,31,182,166,926,19.6,32.7
"182","Kyle Kuzma","PF",23,"LAL",70,68,2314,496,1087,0.456,128,422,0.303,368,665,0.553,0.515,188,250,0.752,60,322,382,178,41,26,133,170,1308,16.41,1.69
"180","Kyle Korver","SG-PF",37,"TOT",70,0,1334,201,483,0.416,138,348,0.397,63,135,0.467,0.559,60,73,0.822,9,153,162,81,25,12,59,106,600,7.51,7.56
"287","Klay Thompson","SG",28,"GSW",78,78,2652,655,1402,0.467,241,599,0.402,414,803,0.516,0.553,129,158,0.816,37,262,299,186,84,47,115,157,1680,18.01,18.99
"212","Khris Middleton","SF",27,"MIL",77,77,2393,506,1148,0.441,179,474,0.378,327,674,0.485,0.519,216,258,0.837,50,411,461,331,80,7,174,172,1407,18.55,13
"27","Khem Birch","C",26,"ORL",50,1,643,91,151,0.603,0,1,0,91,150,0.607,0.603,58,83,0.699,79,111,190,38,18,29,20,72,240,8.2,1.38
"194","Kevon Looney","C",22,"GSW",80,24,1481,217,347,0.625,1,10,0.1,216,337,0.641,0.627,65,105,0.619,194,223,417,123,46,53,51,211,500,11.47,1.57
"177","Kevin Knox","PF",19,"NYK",75,57,2158,338,914,0.37,125,364,0.343,213,550,0.387,0.438,162,226,0.717,61,274,335,82,43,24,114,175,963,9.24,3.74
"146","Kevin Huerter","SG",20,"ATL",75,59,2048,275,657,0.419,136,353,0.385,139,304,0.457,0.522,41,56,0.732,60,185,245,214,65,25,109,155,727,10.27,2.25
"89","Kevin Durant","SF",30,"GSW",78,78,2702,721,1383,0.521,137,388,0.353,584,995,0.587,0.571,448,506,0.885,33,464,497,457,58,84,225,155,2027,27.92,30
"51","Kentavious Caldwell-Pope","SG",25,"LAL",82,23,2035,325,756,0.43,151,435,0.347,174,321,0.542,0.53,137,158,0.867,48,190,238,110,73,13,65,137,938,10.43,12
"20","Kent Bazemore","SG",29,"ATL",67,35,1643,278,691,0.402,96,300,0.32,182,391,0.465,0.472,127,175,0.726,37,224,261,152,89,42,121,170,779,11.06,18.09
"300","Kemba Walker","PG",28,"CHO",82,82,2863,731,1684,0.434,260,731,0.356,471,953,0.494,0.511,380,450,0.844,52,309,361,484,102,34,211,131,2102,22.55,12
"240","Kelly Oubre","SF",23,"TOT",69,19,1935,375,842,0.445,108,338,0.32,267,504,0.53,0.51,189,244,0.775,71,254,325,84,84,59,103,181,1047,14.12,3.21
"238","Kelly Olynyk","PF",27,"MIA",79,36,1812,261,564,0.463,113,319,0.354,148,245,0.604,0.563,152,185,0.822,72,303,375,140,53,37,114,183,787,11.92,13.54
"188","Kawhi Leonard","SF",27,"TOR",60,60,2040,560,1129,0.496,112,302,0.371,448,827,0.542,0.546,364,426,0.854,78,361,439,199,106,24,121,87,1596,26.87,23.11
"290","Karl-Anthony Towns","C",23,"MIN",77,77,2545,681,1314,0.518,142,355,0.4,539,959,0.562,0.572,376,450,0.836,263,691,954,259,67,125,240,292,1880,30.36,7.84
"231","Jusuf Nurkic","C",24,"POR",72,72,1974,420,826,0.508,3,29,0.103,417,797,0.523,0.51,282,365,0.773,243,505,748,233,71,103,168,250,1125,22.54,11.11
"308","Justise Winslow","SF",22,"MIA",66,52,1959,324,749,0.433,96,256,0.375,228,493,0.462,0.497,86,137,0.628,63,292,355,282,72,19,142,177,830,14.24,3.45
"159","Justin Jackson","SF",23,"TOT",81,14,1614,217,485,0.447,87,245,0.355,130,240,0.542,0.537,62,79,0.785,44,168,212,96,32,14,29,99,583,7.69,2.81
"142","Justin Holiday","SG",29,"TOT",82,77,2607,300,777,0.386,162,465,0.348,138,312,0.442,0.49,95,106,0.896,46,277,323,146,121,36,104,164,857,10.87,4.5
"6","Justin Anderson","SF",25,"ATL",48,4,463,64,157,0.408,24,77,0.312,40,80,0.5,0.484,26,35,0.743,24,60,84,23,22,13,23,48,178,4.06,2.52
"254","Julius Randle","PF",24,"NOP",73,49,2232,571,1089,0.524,67,195,0.344,504,894,0.564,0.555,356,487,0.731,162,472,634,229,52,45,208,246,1565,22.85,8.64
"134","Juan Hernangomez","PF",23,"DEN",70,25,1358,138,314,0.439,66,181,0.365,72,133,0.541,0.545,66,86,0.767,64,201,265,55,27,24,37,94,408,7.8,2.17
"141","Jrue Holiday","SG",28,"NOP",67,67,2402,547,1159,0.472,118,363,0.325,429,796,0.539,0.523,208,271,0.768,75,259,334,518,109,54,210,148,1420,23.13,26.64
"256","Josh Richardson","SG",25,"MIA",73,73,2539,423,1026,0.412,164,460,0.357,259,566,0.458,0.492,199,231,0.861,54,209,263,298,79,34,113,200,1209,15.55,9.37
"237","Josh Okogie","SG",20,"MIN",74,52,1757,196,508,0.386,60,215,0.279,136,293,0.464,0.445,118,162,0.728,41,177,218,91,88,33,63,166,570,7.85,2.16
"157","Josh Jackson","SG",21,"PHO",79,29,1988,347,841,0.413,73,225,0.324,274,616,0.445,0.456,143,213,0.671,66,281,347,183,74,56,173,209,910,10.54,6.04
"132","Josh Hart","SG",23,"LAL",67,22,1715,189,464,0.407,92,274,0.336,97,190,0.511,0.506,55,80,0.688,35,213,248,93,64,40,58,147,525,9.13,1.66
"50","Jose Calderon","PG",37,"DET",49,0,632,45,120,0.375,14,57,0.246,31,63,0.492,0.433,9,11,0.818,11,49,60,115,16,3,35,64,113,3.98,2.39
"60","Jordan Clarkson","SG",26,"CLE",81,0,2214,529,1180,0.448,144,445,0.324,385,735,0.524,0.509,162,192,0.844,82,188,270,196,57,13,135,112,1364,13.38,12.5
"24","Jordan Bell","C",24,"GSW",68,3,788,99,192,0.516,0,2,0,99,190,0.521,0.516,25,41,0.61,55,129,184,76,20,51,42,80,223,5.93,1.38
"277","Jonathon Simmons","SG-SF",29,"TOT",56,9,1064,133,350,0.38,28,104,0.269,105,246,0.427,0.42,72,97,0.742,27,99,126,128,29,15,68,89,366,6.32,6
"152","Jonathan Isaac","PF",21,"ORL",75,64,1996,262,611,0.429,86,266,0.323,176,345,0.51,0.499,110,135,0.815,99,312,411,80,59,98,75,143,720,12.25,4.97
"295","Jonas Valanciunas","C",26,"TOT",49,27,1091,301,538,0.559,14,48,0.292,287,490,0.586,0.572,147,185,0.795,106,313,419,70,19,53,90,146,763,19.57,16.54
"162","Jonas Jerebko","PF",31,"GSW",73,6,1218,163,355,0.459,69,188,0.367,94,167,0.563,0.556,64,80,0.8,72,216,288,96,27,18,43,137,459,8.73,2.17
"61","John Collins","PF",21,"ATL",61,59,1829,465,831,0.56,55,158,0.348,410,673,0.609,0.593,203,266,0.763,219,376,595,121,22,39,120,199,1188,23.21,2.3
"91","Joel Embiid","C",24,"PHI",64,64,2154,580,1199,0.484,79,263,0.3,501,936,0.535,0.517,522,649,0.804,160,711,871,234,46,122,226,211,1761,32.22,25.47
"149","Joe Ingles","PF",31,"UTA",82,82,2568,359,802,0.448,189,483,0.391,170,319,0.533,0.565,87,123,0.707,35,295,330,469,98,20,193,180,994,15.11,12.55
"128","Joe Harris","SG",27,"BRK",76,76,2293,374,748,0.5,183,386,0.474,191,362,0.528,0.622,110,133,0.827,52,239,291,181,38,17,121,182,1041,13.82,8.33
"255","JJ Redick","SG",34,"PHI",76,63,2379,452,1027,0.44,240,605,0.397,212,422,0.502,0.557,228,255,0.894,20,166,186,206,32,17,101,129,1372,14.61,12.25
"49","Jimmy Butler","SF-SG",29,"TOT",65,65,2185,418,904,0.462,67,193,0.347,351,711,0.494,0.499,312,365,0.855,121,221,342,263,123,39,95,111,1215,20.74,19.84
"116","Jerian Grant","PG",26,"ORL",60,1,939,92,220,0.418,40,110,0.364,52,110,0.473,0.509,26,40,0.65,19,79,98,156,44,6,51,78,250,6.02,2.64
"192","Jeremy Lin","PG",30,"TOT",74,4,1436,238,541,0.44,55,187,0.294,183,354,0.517,0.491,176,210,0.838,22,157,179,231,47,13,124,144,707,9.68,12.52
"183","Jeremy Lamb","SG",26,"CHO",79,55,2250,431,979,0.44,115,330,0.348,316,649,0.487,0.499,231,260,0.888,65,369,434,172,88,32,80,140,1208,16.16,7
"115","Jerami Grant","PF",24,"OKC",80,77,2612,409,823,0.497,115,293,0.392,294,530,0.555,0.567,157,221,0.71,96,321,417,79,61,100,67,214,1090,15.03,8.33
"121","Jeff Green","PF",32,"WAS",77,44,2097,326,687,0.475,111,320,0.347,215,367,0.586,0.555,183,206,0.888,57,252,309,137,43,39,101,160,946,12.84,2.39
"283","Jayson Tatum","SF",20,"BOS",79,79,2455,466,1036,0.45,116,311,0.373,350,725,0.483,0.506,195,228,0.855,70,407,477,168,84,57,122,168,1243,16.51,6.7
"40","Jaylen Brown","SG",22,"BOS",74,25,1913,368,792,0.465,95,276,0.344,273,516,0.529,0.525,133,202,0.658,65,248,313,100,69,32,99,186,964,11.97,5.17
"208","JaVale McGee","C",31,"LAL",75,62,1671,400,641,0.624,1,12,0.083,399,629,0.634,0.625,96,152,0.632,195,371,566,52,47,148,108,208,897,17.4,2.39
"4","Jarrett Allen","C",20,"BRK",80,80,2096,335,568,0.59,6,45,0.133,329,523,0.629,0.595,197,278,0.709,191,481,672,110,43,120,103,184,873,17.51,2.03
"156","Jaren Jackson","PF",19,"MEM",58,56,1515,298,589,0.506,51,142,0.359,247,447,0.553,0.549,151,197,0.766,73,199,272,64,52,82,98,220,798,14.36,5.92
"88","Jared Dudley","PF",33,"BRK",59,25,1220,101,239,0.423,53,151,0.351,48,88,0.545,0.533,32,46,0.696,34,121,155,83,36,16,43,131,287,6.47,9.53
"120","JaMychal Green","PF",28,"TOT",65,6,1371,230,476,0.483,71,176,0.403,159,300,0.53,0.558,80,101,0.792,104,305,409,50,45,34,87,193,611,12.23,8.07
"164","James Johnson","PF",31,"MIA",55,33,1164,164,379,0.433,50,149,0.336,114,230,0.496,0.499,50,70,0.714,22,154,176,135,35,27,74,114,428,8.95,14.42
"124","James Harden","PG",29,"HOU",78,78,2867,843,1909,0.442,378,1028,0.368,465,881,0.528,0.541,754,858,0.879,66,452,518,586,158,58,387,244,2818,33.09,30.57
"92","James Ennis","SF",28,"TOT",58,27,1230,138,294,0.469,55,156,0.353,83,138,0.601,0.563,58,81,0.716,60,122,182,41,41,23,34,150,389,7.98,1.62
"223","Jamal Murray","PG",21,"DEN",75,74,2447,513,1173,0.437,152,414,0.367,361,759,0.476,0.502,189,223,0.848,65,252,317,363,67,27,158,153,1367,17.19,3.5
"68","Jamal Crawford","SG",38,"PHO",64,0,1211,174,438,0.397,67,202,0.332,107,236,0.453,0.474,93,110,0.845,8,77,85,229,33,12,99,75,508,7.61,4.7
"43","Jalen Brunson","PG",22,"DAL",73,38,1591,264,565,0.467,63,181,0.348,201,384,0.523,0.523,87,120,0.725,25,144,169,230,37,4,88,127,678,9.53,1.23
"185","Jake Layman","SF",24,"POR",71,33,1327,216,424,0.509,59,181,0.326,157,243,0.646,0.579,50,71,0.704,56,161,217,53,31,30,46,116,541,8.41,1.54
"235","Jahlil Okafor","C",23,"NOP",59,24,935,212,362,0.586,1,5,0.2,211,357,0.591,0.587,59,89,0.663,82,196,278,40,15,40,52,96,484,10.59,1.57
"69","Jae Crowder","SF",28,"UTA",80,11,2166,318,797,0.399,173,522,0.331,145,275,0.527,0.508,142,197,0.721,60,324,384,133,64,31,85,170,951,11.8,7.31
"242","Jabari Parker","PF",23,"TOT",64,17,1724,369,749,0.493,61,195,0.313,308,554,0.556,0.533,131,184,0.712,79,342,421,152,46,30,151,145,930,15.55,20
"252","Ivan Rabb","PF",21,"MEM",49,13,721,116,212,0.547,3,15,0.2,113,197,0.574,0.554,49,69,0.71,70,136,206,54,17,14,35,90,284,8.65,1.38
"274","Iman Shumpert","SG",28,"TOT",62,41,1481,167,446,0.374,95,273,0.348,72,173,0.416,0.481,36,45,0.8,27,156,183,112,59,24,50,127,465,8.15,11.01
"59","Ian Clark","SG",27,"NOP",60,6,973,151,383,0.394,66,202,0.327,85,181,0.47,0.48,33,37,0.892,13,76,89,94,22,8,58,95,401,5.33,1.76
"304","Hassan Whiteside","C",29,"MIA",72,53,1674,388,680,0.571,2,16,0.125,386,664,0.581,0.572,109,243,0.449,257,560,817,56,46,136,97,192,887,19.71,24.43
"111","Harry Giles","PF",20,"SAC",58,0,820,175,348,0.503,0,6,0,175,342,0.512,0.503,58,91,0.637,66,156,222,85,31,22,73,150,408,8.43,2.21
"17","Harrison Barnes","PF-SF",26,"TOT",77,77,2533,431,1027,0.42,174,441,0.395,257,586,0.439,0.504,229,278,0.824,57,304,361,115,50,13,98,122,1265,13.78,24.11
"81","Hamidou Diallo","SG",20,"OKC",51,3,526,75,165,0.455,4,24,0.167,71,141,0.504,0.467,36,59,0.61,38,59,97,17,21,10,23,77,190,3.9,0.84
"82","Gorgui Dieng","C",29,"MIN",76,2,1031,189,377,0.501,19,56,0.339,170,321,0.53,0.527,88,106,0.83,81,230,311,72,48,41,57,134,485,9.13,15.17
"133","Gordon Hayward","PF",28,"BOS",72,18,1863,296,635,0.466,77,231,0.333,219,404,0.542,0.527,156,187,0.834,51,271,322,244,62,23,105,104,825,13.9,31.21
"259","Glenn Robinson","SF",25,"DET",47,18,610,74,176,0.42,18,62,0.29,56,114,0.491,0.472,32,40,0.8,17,54,71,21,14,8,18,45,198,3.91,4.08
"7","Giannis Antetokounmpo","PF",24,"MIL",72,72,2358,721,1247,0.578,52,203,0.256,669,1044,0.641,0.599,500,686,0.729,159,739,898,424,92,110,268,232,1994,35.25,24.16
"119","Gerald Green","SG",33,"HOU",73,0,1473,231,578,0.4,156,441,0.354,75,137,0.547,0.535,57,68,0.838,30,152,182,40,33,27,55,126,675,7.45,1.51
"229","Georges Niang","PF",25,"UTA",59,0,516,86,181,0.475,43,105,0.41,43,76,0.566,0.594,20,24,0.833,11,76,87,35,10,6,23,57,235,4.25,1.51
"139","George Hill","PG",32,"TOT",60,13,1302,170,376,0.452,48,153,0.314,122,223,0.547,0.516,70,85,0.824,39,109,148,135,52,8,51,102,458,8.82,19
"127","Gary Harris","SG",24,"DEN",57,48,1639,270,637,0.424,82,242,0.339,188,395,0.476,0.488,115,144,0.799,41,119,160,127,55,19,68,113,737,11.12,16.52
"58","Gary Clark","PF",24,"HOU",51,2,641,50,151,0.331,41,138,0.297,9,13,0.692,0.467,7,7,1,24,92,116,18,20,26,7,47,148,4.31,0.67
"285","Garrett Temple","SG",32,"TOT",75,55,2040,208,493,0.422,90,264,0.341,118,229,0.515,0.513,80,107,0.748,28,188,216,106,76,30,70,204,586,8.43,8
"178","Furkan Korkmaz","SG",21,"PHI",48,7,679,98,245,0.4,47,144,0.326,51,101,0.505,0.496,36,44,0.818,16,91,107,52,29,2,25,62,279,6.02,1.74
"296","Fred VanVleet","PG",24,"TOR",64,28,1760,246,600,0.41,112,296,0.378,134,304,0.441,0.503,97,115,0.843,21,146,167,307,57,20,82,110,701,12.47,8.65
"172","Frank Kaminsky","C",25,"CHO",47,0,755,138,298,0.463,50,139,0.36,88,159,0.553,0.547,79,107,0.738,39,124,163,63,12,12,41,68,405,9.06,3.63
"155","Frank Jackson","PG",20,"NOP",61,16,1169,194,447,0.434,53,169,0.314,141,278,0.507,0.493,54,73,0.74,25,109,134,69,25,2,48,92,495,6.64,1.38
"293","Evan Turner","PG",30,"POR",73,2,1605,204,443,0.46,11,52,0.212,193,391,0.494,0.473,75,106,0.708,37,291,328,283,33,18,114,110,494,10.58,17.87
"100","Evan Fournier","SG",26,"ORL",81,81,2553,468,1069,0.438,153,450,0.34,315,619,0.509,0.509,137,170,0.806,38,220,258,295,71,12,154,225,1226,13.26,17
"154","Ersan Ilyasova","PF",31,"MIL",67,7,1231,167,381,0.438,58,160,0.363,109,221,0.493,0.514,61,74,0.824,94,208,302,52,32,20,48,172,453,8.72,7
"114","Eric Gordon","SG",30,"HOU",68,53,2158,384,938,0.409,216,600,0.36,168,338,0.497,0.525,119,152,0.783,17,131,148,129,41,27,90,143,1103,11.34,13.5
"30","Eric Bledsoe","PG",29,"MIL",78,78,2272,470,971,0.484,124,377,0.329,346,594,0.582,0.548,177,236,0.75,82,280,362,430,116,29,165,156,1241,18.63,15
"173","Enes Kanter","C",26,"TOT",67,31,1640,375,683,0.549,10,34,0.294,365,649,0.562,0.556,155,197,0.787,257,402,659,116,32,26,118,167,915,19.1,19.26
"222","Emmanuel Mudiay","PG",22,"NYK",59,42,1607,330,740,0.446,69,210,0.329,261,530,0.492,0.493,144,186,0.774,33,163,196,228,43,19,140,103,873,13,4.29
"236","Elie Okobo","PG",21,"PHO",53,16,958,114,290,0.393,39,132,0.295,75,158,0.475,0.46,37,47,0.787,12,86,98,127,32,7,69,109,304,5.91,1.24
"75","Ed Davis","C",29,"BRK",81,1,1446,186,302,0.616,0,2,0,186,300,0.62,0.616,100,162,0.617,216,478,694,61,35,33,64,226,472,13,4.45
"218","E'Twaun Moore","SG",29,"NOP",53,36,1463,256,532,0.481,76,176,0.432,180,356,0.506,0.553,45,59,0.763,35,92,127,102,40,8,59,112,633,10.58,8.81
"299","Dwyane Wade","SG",37,"MIA",72,2,1885,416,960,0.433,86,261,0.33,330,699,0.472,0.478,165,233,0.708,69,216,285,301,59,38,166,118,1083,13.72,2.39
"250","Dwight Powell","C",27,"DAL",77,22,1662,290,486,0.597,39,127,0.307,251,359,0.699,0.637,196,254,0.772,140,271,411,112,44,50,67,201,815,14.43,9.63
"118","Draymond Green","PF",28,"GSW",66,66,2065,188,422,0.445,47,165,0.285,141,257,0.549,0.501,63,91,0.692,60,421,481,454,95,70,169,197,486,17.5,17.47
"207","Doug McDermott","SF",27,"IND",77,1,1340,207,422,0.491,84,206,0.408,123,216,0.569,0.59,66,79,0.835,17,92,109,67,18,8,42,104,564,6.44,7.33
"98","Dorian Finney-Smith","SF",25,"DAL",81,26,1985,228,528,0.432,79,254,0.311,149,274,0.544,0.507,73,103,0.709,138,251,389,95,69,36,74,186,608,9.79,1.54
"216","Donovan Mitchell","SG",22,"UTA",77,77,2598,661,1530,0.432,188,519,0.362,473,1011,0.468,0.493,319,396,0.806,59,257,316,322,106,31,218,208,1829,18.7,3.11
"265","Domantas Sabonis","C",22,"IND",74,5,1838,413,700,0.59,9,17,0.529,404,683,0.592,0.596,208,291,0.715,186,504,690,212,48,30,160,239,1043,20.18,2.66
"307","DJ Wilson","PF",22,"MIL",48,3,882,104,251,0.414,46,127,0.362,58,124,0.468,0.506,26,47,0.553,45,177,222,52,18,20,32,85,280,8.17,2.53
"11","DJ Augustin","PG",31,"ORL",81,81,2269,318,677,0.47,131,311,0.421,187,366,0.511,0.566,181,209,0.866,41,162,203,426,52,4,128,115,948,13.8,7.25
"230","Dirk Nowitzki","PF",40,"DAL",51,20,795,135,376,0.359,64,205,0.312,71,171,0.415,0.444,39,50,0.78,5,153,158,35,9,18,18,76,373,6.33,5
"76","Dewayne Dedmon","C",29,"ATL",64,52,1609,259,526,0.492,83,217,0.382,176,309,0.57,0.571,92,113,0.814,105,375,480,90,69,71,84,214,693,16.11,6.3
"126","Devin Harris","PG",35,"DAL",68,2,1071,132,347,0.38,62,200,0.31,70,147,0.476,0.47,102,134,0.761,12,100,112,122,35,16,56,133,428,6.03,2.39
"33","Devin Booker","SG",22,"PHO",64,64,2242,586,1255,0.467,135,414,0.326,451,841,0.536,0.521,393,454,0.866,39,226,265,433,56,13,264,200,1700,23.02,3.31
"303","Derrick White","PG",24,"SAS",67,55,1728,260,543,0.479,48,142,0.338,212,401,0.529,0.523,95,123,0.772,35,212,247,263,67,47,97,145,663,13.12,1.67
"260","Derrick Rose","PG",30,"MIN",51,13,1392,363,753,0.482,54,146,0.37,309,607,0.509,0.518,137,160,0.856,33,107,140,220,31,12,82,57,917,16.18,2.18
"169","Derrick Jones","SF",21,"MIA",60,14,1153,160,324,0.494,28,91,0.308,132,233,0.567,0.537,74,122,0.607,96,144,240,37,46,42,43,123,422,8.87,1.51
"94","Derrick Favors","C",27,"UTA",76,70,1766,363,619,0.586,17,78,0.218,346,541,0.64,0.6,154,228,0.675,207,353,560,89,56,106,84,163,897,17.03,16.9
"279","Dennis Smith","PG",21,"TOT",53,50,1508,278,650,0.428,67,208,0.322,211,442,0.477,0.479,99,156,0.635,32,123,155,252,67,20,154,129,722,11.94,3.82
"52","DeMarre Carroll","PF",32,"BRK",67,8,1703,227,575,0.395,106,310,0.342,121,265,0.457,0.487,184,242,0.76,68,281,349,85,31,10,73,114,744,11.04,15.4
"79","DeMar DeRozan","SG",29,"SAS",77,77,2688,631,1313,0.481,7,45,0.156,624,1268,0.492,0.483,366,441,0.83,54,408,462,475,86,36,199,177,1635,22.57,27.74
"310","Delon Wright","PG",26,"TOT",75,13,1699,242,558,0.434,50,168,0.298,192,390,0.492,0.478,119,150,0.793,68,198,266,248,88,30,77,103,653,11.48,2.54
"12","Deandre Ayton","C",20,"PHO",71,70,2183,509,870,0.585,0,4,0,509,866,0.588,0.585,141,189,0.746,223,506,729,125,61,67,126,209,1159,22.62,8.18
"211","De'Anthony Melton","PG",20,"PHO",50,31,984,100,256,0.391,29,95,0.305,71,161,0.441,0.447,21,28,0.75,25,109,134,159,68,23,75,113,250,7.92,0.95
"101","De'Aaron Fox","PG",21,"SAC",81,81,2546,505,1102,0.458,86,232,0.371,419,870,0.482,0.497,303,417,0.727,43,261,304,590,133,45,227,204,1399,18.93,5.47
"25","Davis Bertans","PF",26,"SAS",76,12,1632,204,453,0.45,145,338,0.429,59,115,0.513,0.61,53,60,0.883,23,241,264,100,35,33,43,133,606,9.72,7
"232","David Nwaba","SG",26,"CLE",51,14,984,126,262,0.481,24,75,0.32,102,187,0.545,0.527,58,85,0.682,41,122,163,54,36,17,29,106,334,8.08,1.51
"63","Darren Collison","PG",31,"IND",76,76,2143,308,659,0.467,79,194,0.407,229,465,0.492,0.527,158,190,0.832,36,196,232,459,110,9,125,138,853,15.2,10
"214","Darius Miller","SF",28,"NOP",69,15,1757,189,484,0.39,133,364,0.365,56,120,0.467,0.528,56,71,0.789,14,114,128,146,40,23,59,165,567,7.75,2.2
"315","Dario Saric","PF",24,"TOT",81,41,2023,304,696,0.437,118,323,0.365,186,373,0.499,0.522,132,150,0.88,126,331,457,127,45,9,97,182,858,12.21,2.53
"70","Dante Cunningham","PF",31,"SAS",64,21,928,75,158,0.475,30,65,0.462,45,93,0.484,0.57,14,18,0.778,48,140,188,50,27,13,22,71,194,5.67,2.49
"117","Danny Green","SG",31,"TOR",80,80,2216,293,630,0.465,198,435,0.455,95,195,0.487,0.622,37,44,0.841,60,257,317,126,73,53,75,171,821,12.14,10
"104","Danilo Gallinari","SF",30,"LAC",68,68,2059,409,884,0.463,161,372,0.433,248,512,0.484,0.554,367,406,0.904,54,363,417,178,49,23,99,129,1346,20.59,21.59
"286","Daniel Theis","C",26,"BOS",66,2,908,146,266,0.549,26,67,0.388,120,199,0.603,0.598,56,76,0.737,87,138,225,68,21,42,33,161,374,8.44,1.38
"86","Damyean Dotson","SG",24,"NYK",73,40,2004,290,698,0.415,126,342,0.368,164,356,0.461,0.506,73,98,0.745,34,228,262,135,58,10,71,135,779,10.14,1.38
"190","Damian Lillard","PG",28,"POR",80,80,2838,681,1533,0.444,237,643,0.369,444,890,0.499,0.522,468,513,0.912,68,303,371,551,88,34,212,148,2067,25.02,27.98
"264","D'Angelo Russell","PG",22,"BRK",81,81,2448,659,1517,0.434,234,635,0.369,425,882,0.482,0.512,160,205,0.78,53,262,315,563,100,20,253,141,1712,19.19,7.02
"95","Cristiano Felicio","C",26,"CHI",60,0,746,95,179,0.531,0,4,0,95,175,0.543,0.531,50,73,0.685,79,139,218,37,11,7,33,69,240,6.22,8.47
"171","Cory Joseph","PG",27,"IND",82,9,2063,226,548,0.412,55,171,0.322,171,377,0.454,0.463,30,43,0.698,39,240,279,321,94,22,80,131,537,10.22,7.94
"271","Collin Sexton","PG",20,"CLE",82,72,2605,519,1206,0.43,119,296,0.402,400,910,0.44,0.48,214,255,0.839,57,179,236,243,44,6,185,186,1371,12.04,4.07
"313","Cody Zeller","C",26,"CHO",49,47,1243,190,345,0.551,6,22,0.273,184,323,0.57,0.559,111,141,0.787,110,223,333,102,38,41,62,164,497,15.59,13.53
"213","CJ Miles","SF",31,"TOT",53,1,856,112,311,0.36,67,203,0.33,45,108,0.417,0.468,48,58,0.828,13,82,95,36,26,15,30,79,339,5.13,8.33
"205","CJ McCollum","SG",27,"POR",70,70,2375,571,1243,0.459,167,445,0.375,404,798,0.506,0.527,159,192,0.828,62,220,282,207,55,28,106,172,1468,17.56,25.76
"245","Chris Paul","PG",33,"HOU",58,58,1857,302,720,0.419,127,355,0.358,175,365,0.479,0.508,175,203,0.862,36,229,265,473,114,18,152,146,906,20.31,35.65
"80","Cheick Diallo","PF",22,"NOP",64,1,896,168,271,0.62,1,4,0.25,167,267,0.625,0.622,50,67,0.746,75,257,332,33,29,33,49,113,387,10.08,1.54
"253","Chasson Randle","PG",25,"WAS",49,2,743,91,217,0.419,46,115,0.4,45,102,0.441,0.525,43,62,0.694,10,46,56,97,25,3,43,91,271,5.39,0.98
"239","Cedi Osman","SF",23,"CLE",76,75,2444,360,844,0.427,130,374,0.348,230,470,0.489,0.504,141,181,0.779,45,312,357,195,60,11,114,195,991,12.84,2.78
"137","Buddy Hield","SG",26,"SAC",82,82,2615,623,1360,0.458,278,651,0.427,345,709,0.487,0.56,171,193,0.886,106,306,412,205,58,33,146,202,1695,18.27,3.83
"99","Bryn Forbes","SG",25,"SAS",82,81,2293,361,791,0.456,176,413,0.426,185,378,0.489,0.568,69,78,0.885,18,221,239,175,45,4,80,159,967,11.11,3.12
"39","Bruce Brown","SG",22,"DET",74,56,1449,125,314,0.398,24,93,0.258,101,221,0.457,0.436,45,60,0.75,48,137,185,91,40,36,46,178,319,5.69,0.84
"195","Brook Lopez","C",30,"MIL",81,81,2322,355,786,0.452,187,512,0.365,168,274,0.613,0.571,112,133,0.842,33,363,396,98,51,179,82,189,1009,14.8,3.38
"150","Brandon Ingram","SF",21,"LAL",52,52,1760,362,729,0.497,31,94,0.33,331,635,0.521,0.518,195,289,0.675,41,226,267,154,28,31,129,149,950,16.15,5.76
"21","Bradley Beal","SG",25,"WAS",82,82,3028,764,1609,0.475,209,596,0.351,555,1013,0.548,0.54,362,448,0.808,89,322,411,448,121,58,224,226,2099,24.17,25.43
"32","Bojan Bogdanovic","SF",29,"IND",81,81,2573,522,1051,0.497,164,386,0.425,358,665,0.538,0.575,246,305,0.807,33,300,333,161,69,1,134,138,1454,16,10.5
"31","Bogdan Bogdanovic","SG",26,"SAC",70,17,1947,361,863,0.418,134,372,0.36,227,491,0.462,0.496,134,162,0.827,40,203,243,267,72,15,117,142,990,13.43,9
"249","Bobby Portis","PF",23,"TOT",50,28,1299,279,628,0.444,75,191,0.393,204,437,0.467,0.504,77,97,0.794,109,294,403,72,35,20,74,145,710,15.94,2.49
"202","Boban Marjanovic","C",30,"TOT",58,12,681,160,260,0.615,4,10,0.4,156,250,0.624,0.623,98,131,0.748,87,178,265,54,16,27,59,90,422,10.21,9.49
"122","Blake Griffin","PF",29,"DET",75,75,2622,619,1341,0.462,189,522,0.362,430,819,0.525,0.532,414,550,0.753,100,465,565,402,52,28,253,199,1841,23.69,31.87
"276","Ben Simmons","PG",22,"PHI",79,79,2700,540,960,0.563,0,6,0,540,954,0.566,0.563,257,428,0.6,172,525,697,610,112,61,274,209,1337,24.71,6.43
"2","Bam Adebayo","C",21,"MIA",82,28,1913,280,486,0.576,3,15,0.2,277,471,0.588,0.579,166,226,0.735,165,432,597,184,71,65,121,203,729,15.35,2.96
"35","Avery Bradley","SG",28,"TOT",63,63,1905,248,608,0.408,86,245,0.351,162,363,0.446,0.479,43,50,0.86,43,132,175,152,41,16,89,167,625,8.78,12
"258","Austin Rivers","SG",26,"TOT",76,15,2028,232,572,0.406,104,327,0.318,128,245,0.522,0.497,50,95,0.526,25,137,162,167,47,23,68,207,618,7.42,13.16
"19","Aron Baynes","C",32,"BOS",51,18,821,105,223,0.471,21,61,0.344,84,162,0.519,0.518,53,62,0.855,88,152,240,57,12,34,40,125,284,9.02,5.19
"29","Antonio Blakeney","SG",22,"CHI",57,3,829,166,396,0.419,36,91,0.396,130,305,0.426,0.465,50,76,0.658,7,99,106,42,12,9,35,41,418,5.19,1.35
"289","Anthony Tolliver","PF",33,"MIN",65,0,1079,99,259,0.382,81,215,0.377,18,44,0.409,0.539,47,60,0.783,15,162,177,46,17,21,36,91,326,5.82,5.75
"74","Anthony Davis","C",25,"NOP",56,56,1850,530,1026,0.517,48,145,0.331,482,881,0.547,0.54,344,433,0.794,174,498,672,218,88,135,112,132,1452,33.36,25.43
"305","Andrew Wiggins","SF",23,"MIN",73,73,2543,498,1209,0.412,118,348,0.339,380,861,0.441,0.461,207,296,0.699,83,269,352,184,70,48,138,153,1321,14.21,25.47
"148","Andre Iguodala","SF",35,"GSW",68,13,1578,151,302,0.5,48,144,0.333,103,158,0.652,0.579,39,67,0.582,48,204,252,216,61,51,52,95,389,10.85,16
"87","Andre Drummond","C",25,"DET",79,79,2647,561,1052,0.533,5,38,0.132,556,1014,0.548,0.536,243,412,0.59,423,809,1232,112,136,138,175,272,1370,27.25,25.43
"163","Amir Johnson","C",31,"PHI",51,6,529,79,157,0.503,12,40,0.3,67,117,0.573,0.541,31,41,0.756,47,100,147,60,16,13,45,99,201,5.96,2.39
"291","Allonzo Trier","SG",23,"NYK",64,3,1459,232,518,0.448,52,132,0.394,180,386,0.466,0.498,179,223,0.803,31,166,197,119,28,14,116,117,695,9.48,3.38
"210","Alfonzo McKinnie","SF",26,"GSW",72,5,1003,134,275,0.487,42,118,0.356,92,157,0.586,0.564,27,48,0.563,81,166,247,31,18,15,30,134,337,6.33,1.35
"187","Alex Len","C",25,"ATL",77,31,1544,320,648,0.494,74,204,0.363,246,444,0.554,0.551,140,216,0.648,158,266,424,86,27,69,97,200,854,12.45,4.35
"47","Alec Burks","SG",27,"TOT",64,24,1375,192,474,0.405,61,168,0.363,131,306,0.428,0.469,116,141,0.823,30,205,235,128,39,21,65,91,561,9.56,11.54
"145","Al Horford","C",32,"BOS",68,68,1973,387,723,0.535,73,203,0.36,314,520,0.604,0.586,78,95,0.821,120,338,458,283,59,86,102,126,925,19.94,28.93
"5","Al-Farouq Aminu","PF",28,"POR",81,81,2292,257,593,0.433,96,280,0.343,161,313,0.514,0.514,150,173,0.867,112,498,610,104,68,33,72,143,760,14.12,6.96
"226","Abdel Nader","SF",25,"OKC",61,1,694,91,215,0.423,32,100,0.32,59,115,0.513,0.498,27,36,0.75,14,102,116,20,20,12,26,68,241,4.1,1.38
"140","Aaron Holiday","PG",22,"IND",50,0,646,105,262,0.401,43,127,0.339,62,135,0.459,0.483,41,50,0.82,5,62,67,87,21,13,40,71,294,5.52,1.91
"113","Aaron Gordon","PF",23,"ORL",78,78,2633,470,1046,0.449,121,347,0.349,349,699,0.499,0.507,185,253,0.731,129,445,574,289,57,56,162,172,1246,18.15,21.59
